<?xml version="1.0" encoding="UTF-8" standalone="yes"?>
<addon id="plugin.program.el_Angel" name="El Angel [COLOR deepskyblue]Wizard[/COLOR]" version="1.0" provider-name="El Angel">
  <requires>
    <import addon="xbmc.python" version="2.1.0"/>
  </requires>
  <extension point="xbmc.python.pluginsource" library="default.py">
    <provides>executable</provides>
  </extension>
  <extension point="xbmc.service" library="startup.py" start="startup" />
  <extension point="xbmc.addon.metadata">
    <summary lang="en">El Angel [COLOR deepskyblue]Wizard[/COLOR]</summary>
    <description lang="en">Addon instalador del wizard El Angel para Kodi 18
Gracias a Loufesta (Cristal Azul) por su ayuda
</description>
    <platform>all</platform>
  </extension>
</addon>
